guid,instance_count,observed_name_overrides,resolution_status,checkpoint,asset_kind,asset_path,asset_git_blob,topology_proven
"00c13fd886bbde0468773fd53988bf0c","1","SallyButton","SOURCE_PATH_UNRESOLVED","","","","","false"
"018ee60ec7481dd478e0ec3c84a6ca7c","3","Door (2) | Door | Door (3)","SOURCE_PATH_RESOLVED","C3E2A","UNITY_PREFAB_YAML","CodeRebirthUnityProject/Assets/LethalCompany/Mods/plugins/CodeRebirth/Moons/Oxyde/Prefabs/Structures/JimothyCabin/Decoration/Door.prefab","7c2216f504940640edacf4e7d4dac1102e50e95d","false"
"025216f4fc1fe2840813c1b5b5f5fe77","2","WebCorner1 | WebCorner1 (1)","SOURCE_PATH_UNRESOLVED","","","","","false"
"065969f6306fe6f42874cc8acdff9a36","1","Crew333Note","SOURCE_PATH_UNRESOLVED","","","","","false"
"0953fe9113fa46f40945100c5365cedf","7","Cereal (5) | Cereal | Cereal (2) | Cereal (1) | Cereal (3) | Cereal (4) | Cereal (6)","SOURCE_PATH_UNRESOLVED","","","","","false"
"0e2094ec3e04c5a4db50bd4e549fd4a9","8","DecoContainerRedOpen1Side | DecoContainerRedOpen1Side (2) | DecoContainerRedOpen1Side (1)","SOURCE_PATH_UNRESOLVED","","","","","false"
"1109162ee094dea40a82d2c161aad356","1","SpecialHiddenSpawn","SOURCE_PATH_UNRESOLVED","","","","","false"
"13ef26232b9f28d44bf95992457cae59","8","OxydeRock.004 (6) | OxydeRock.004 (9) | OxydeRock.004 (2) | OxydeRock.004 | OxydeRock.004 (7) | OxydeRock.004 (10) | OxydeRock.004 (8) | OxydeRock.004 (13)","SOURCE_PATH_UNRESOLVED","","","","","false"
"14156d1d43929fe4cb1c22bf21d1d2e1","8","Plate (2) | Plate (5) | Plate (3) | Plate (1) | Plate (6) | Plate (7) | Plate | Plate (4)","SOURCE_PATH_UNRESOLVED","","","","","false"
"142694d3057aad743a0c43c50f6b1064","2","BaubleCactus (1) | BaubleCactus","SOURCE_PATH_UNRESOLVED","","","","","false"
"146370c43ba8a5d4fa87d3cf69591fe2","9","OxydeRock.007 (22) | OxydeRock.007 (7) | OxydeRock.007 (21) | OxydeRock.007 (16) | OxydeRock.007 (18) | OxydeRock.007 (6) | OxydeRock.007 (19) | OxydeRock.007 (20) | OxydeRock.007 (17)","SOURCE_PATH_UNRESOLVED","","","","","false"
"18fe2119279a1b64d9b5becb90b52246","1","AssCrewPhoto","SOURCE_PATH_UNRESOLVED","","","","","false"
"191e7315be5e0d146830134eeec3e823","2","DeadPlant (2) | DeadPlant","SOURCE_PATH_UNRESOLVED","","","","","false"
"1a520d955838cf34788e80f04a2c4e59","1","Calendar","SOURCE_PATH_UNRESOLVED","","","","","false"
"1bcaa75bb3edb9e40aac82be180be8a2","5","Candy.005 | Candy.005 (1)","SOURCE_PATH_UNRESOLVED","","","","","false"
"1ce80890a011c004dbeaf8ee06c57bfc","9","TallCandle (7) | TallCandle (2) | TallCandle (5) | TallCandle (3) | TallCandle | TallCandle (6) | TallCandle (4) | TallCandle (1)","SOURCE_PATH_UNRESOLVED","","","","","false"
"1d50a6b6706683d44bd7346326cfca89","4","WallLight","SOURCE_PATH_UNRESOLVED","","","","","false"
"1d73948d48018f44ab8e09cef0840214","18","ScaffSmallPlanks | ScaffSmallPlanks (1)","SOURCE_PATH_UNRESOLVED","","","","","false"
"1d9e9447eabd61a4fa9471cc2b70b8f6","7","BadToTheBoneSkull | BadToTheBoneSkull (1)","SOURCE_PATH_UNRESOLVED","","","","","false"
"1db805e87217e61479a34cba1f675711","6","JackOLantern | JackOLantern (1)","SOURCE_PATH_UNRESOLVED","","","","","false"
"24a3740854994f44e974f72d26e4484c","2","Guardsman.008 | Guardsman.008 (1)","SOURCE_PATH_UNRESOLVED","","","","","false"
"25f897ce6c11de84f9079600e35a5c1f","7","NancyPoster (3) | NancyPoster (1) | NancyPoster (2) | NancyPoster (6) | NancyPoster | NancyPoster (4) | NancyPoster (5)","SOURCE_PATH_UNRESOLVED","","","","","false"
"26eba8ebe96f0f244b890e52b76bc9de","7","Candy.002 | Candy.002 (1)","SOURCE_PATH_UNRESOLVED","","","","","false"
"2917924b440a8e54eb3e17ef06fb449e","8","IfTheCapFitsPoster (3) | IfTheCapFitsPoster (6) | IfTheCapFitsPoster (1) | IfTheCapFitsPoster (5) | IfTheCapFitsPoster (4) | IfTheCapFitsPoster | IfTheCapFitsPoster (2) | IfTheCapFitsPoster (7)","SOURCE_PATH_UNRESOLVED","","","","","false"
"2a831a7a04422f8468188c980ba5519f","10","DecoContainerBlueOpen1Side (2) | DecoContainerBlueOpen1Side | DecoContainerBlueOpen1Side (1)","SOURCE_PATH_UNRESOLVED","","","","","false"
"2a91989155e0a9d49b6acc99e168630c","1","CutieflyPhoto","SOURCE_PATH_UNRESOLVED","","","","","false"
"2b0b26be9ebf7894c8a4339985cc435a","5","Sarcophagus | Sarcophagus (1) | Sarcophagus (2)","SOURCE_PATH_RESOLVED","C3E2A","UNITY_PREFAB_YAML","CodeRebirthUnityProject/Assets/LethalCompany/Mods/plugins/CodeRebirth/Moons/Oxyde/Prefabs/Structures/OldShip/Sarcophagus.prefab","febe19caa1ab13405952c624e3ca0889f058d128","false"
"2d502fb2fe943f848b0f7ec143315e87","13","OxydeRock.002 (16) | OxydeRock.002 (1) | OxydeRock.002 (15) | OxydeRock.002 (12) | OxydeRock.002 (11) | OxydeRock.002 (9) | OxydeRock.002 (10) | OxydeRock.002 (13) | OxydeRock.002 | OxydeRock.002 (7) | OxydeRock.002 (17) | OxydeRock.002 (8) | OxydeRock.002 (14)","SOURCE_PATH_UNRESOLVED","","","","","false"
"302f922156e6fcc4f9df8fea106ad936","4","RadioTower | RadioTower (2) | RadioTower (1)","SOURCE_PATH_RESOLVED","C3E2C","UNITY_PREFAB_YAML","CodeRebirthUnityProject/Assets/LethalCompany/Mods/plugins/CodeRebirth/Moons/Oxyde/Prefabs/Structures/Decoration/RadioTower.prefab","353de4618a74c8c3a7425a43637731bc1d263059","false"
"31dfe9cc4a323184b878e06c0cdab279","1","TruthNote","SOURCE_PATH_UNRESOLVED","","","","","false"
"330278901a2a34b4191ba683bd0ce298","1","Jim'sCat","SOURCE_PATH_UNRESOLVED","","","","","false"
"3432b83e72c548140827ae80fa964b52","1","RedWoodPhoto","SOURCE_PATH_UNRESOLVED","","","","","false"
"34c99316cfbceda489487ec2df5e63ba","2","ItemSpawnCommon (4) | ItemSpawnCommon (5)","SOURCE_PATH_UNRESOLVED","","","","","false"
"35643d36328af8e41b4bb2facaed70b9","11","Dig4VictoryPoster (9) | Dig4VictoryPoster (7) | Dig4VictoryPoster | Dig4VictoryPoster (8) | Dig4VictoryPoster (10) | Dig4VictoryPoster (5) | Dig4VictoryPoster (3) | Dig4VictoryPoster (4) | Dig4VictoryPoster (6) | Dig4VictoryPoster (2) | Dig4VictoryPoster (1)","SOURCE_PATH_UNRESOLVED","","","","","false"
"368ca36696e2da942baeb83aaee28b35","1","NatureEnemyEntrySpawn 1","SOURCE_PATH_RESOLVED","C3E2A","UNITY_PREFAB_YAML","CodeRebirthUnityProject/Assets/LethalCompany/Mods/plugins/CodeRebirth/Moons/Oxyde/Prefabs/Spawners/NatureEnemyEntrySpawn 1.prefab","8f435319c75984fd16c89da5aba7e34ea43204cc","false"
"384a51c767659e648a6c5368de5b2beb","7","Candy.007 (2) | Candy.007 | Candy.007 (1)","SOURCE_PATH_UNRESOLVED","","","","","false"
"3c8c1a7ee8922bc4a9d650f418bd50ba","3","RemadeDice | RemadeDice (1) | RemadeDice (2)","SOURCE_PATH_UNRESOLVED","","","","","false"
"3fa21544135de7c4c87c3d785d210e48","1","JimPhoto","SOURCE_PATH_UNRESOLVED","","","","","false"
"41199840fc809b845ab765b2cba562d7","11","Streamer (3) | Streamer | Streamer (4) | Streamer (5) | Streamer (2) | Streamer (1)","SOURCE_PATH_UNRESOLVED","","","","","false"
"4136cd5eac5962849819dfd1df8e623d","19","LongPlank (4) | LongPlank (1) | LongPlank (9) | LongPlank | LongPlank (6) | LongPlank (10) | LongPlank (2) | LongPlank (7) | LongPlank (5) | LongPlank (3) | LongPlank (8)","SOURCE_PATH_UNRESOLVED","","","","","false"
"4282e780997055d468e1175e5f44b0d4","5","OxydeRock.002 (2) | OxydeRock.002 (19) | OxydeRock.002 (1) | OxydeRock.002 (5) | OxydeRock.002 (4)","SOURCE_PATH_UNRESOLVED","","","","","false"
"440ae773d151b5648adfe7347a048e39","4","KiwiPeckSpot (3) | KiwiPeckSpot (2) | KiwiPeckSpot (1) | KiwiPeckSpot","SOURCE_PATH_UNRESOLVED","","","","","false"
"44aa4fb7771327c46b2cf2c68166d63b","4","PeacekeeperPoster (1) | PeacekeeperPoster | PeacekeeperPoster (2) | PeacekeeperPoster (3)","SOURCE_PATH_UNRESOLVED","","","","","false"
"46afcdfaa3a470240b5bacdcc8ca96c4","3","OxydeRock (2) | OxydeRock (1) | OxydeRock","SOURCE_PATH_UNRESOLVED","","","","","false"
"47123e3ff32aba24290165756d2a526f","9","SmallLightDeco | SmallLightDeco (1) | SmallLightDeco (2)","SOURCE_PATH_UNRESOLVED","","","","","false"
"480c48dd23ae1644fb8f253025685684","8","LightPoleOxyde 1 (2) | LightPoleOxyde 1 (1) | LightPoleOxyde 1 | LightPoleOxyde 1 (6) | LightPoleOxyde 1 (3) | LightPoleOxyde 1 (5) | LightPoleOxyde 1 (4)","SOURCE_PATH_UNRESOLVED","","","","","false"
"48ebc47341047e74791d95246cc29701","4","Candy","SOURCE_PATH_UNRESOLVED","","","","","false"
"4a3150ab426b3b34a9bb051223949806","12","OxydeRock.003 | OxydeRock.003 (9) | OxydeRock.003 (12) | OxydeRock.003 (10) | OxydeRock.003 (14) | OxydeRock.003 (11) | OxydeRock.003 (2) | OxydeRock.003 (15) | OxydeRock.003 (13) | OxydeRock.003 (8) | OxydeRock.003 (3) | OxydeRock.003 (16)","SOURCE_PATH_UNRESOLVED","","","","","false"
"4b9261bf2703779478397283d2a5a9e2","1","CabinSupport","SOURCE_PATH_RESOLVED","C3E2B","FBX_MODEL_LFS_POINTER","CodeRebirthUnityProject/Assets/LethalCompany/Mods/plugins/CodeRebirth/Moons/Oxyde/Prefabs/Structures/JimothyCabin/Model/CabinSupport.fbx","af7ce494ddb35b64f402c640f8f9bbee8e2b723d","false"
"4bc8473a5c03c9b419944511ea4d0d5d","5","Outhouse (2) | Outhouse | Outhouse (1) | Outhouse (3) | Outhouse (4)","SOURCE_PATH_RESOLVED","C3E2A","UNITY_PREFAB_YAML","CodeRebirthUnityProject/Assets/LethalCompany/Mods/plugins/CodeRebirth/Moons/Oxyde/Prefabs/Structures/JimothyCabin/Decoration/Outhouse.prefab","fd9d818d0adc99d8eec50bf3240bd036f9447004","false"
"4ca3c51874fd89d46ae4d3579e873dec","6","Candy.001 (1) | Candy.001 | Candy.001 (2)","SOURCE_PATH_UNRESOLVED","","","","","false"
"4d598ba0750f714449cb89828a166b07","24","ScaffRamp","SOURCE_PATH_UNRESOLVED","","","","","false"
"4f7cc70f801aff94eadc405f19f0105a","1","CraneNettingVertex","SOURCE_PATH_UNRESOLVED","","","","","false"
"4f865153105f89f49b9af5deff7f820c","2","Stapler (1) | Stapler","SOURCE_PATH_UNRESOLVED","","","","","false"
"4fbfa31359a2b8c4e9e15ca705546b74","1","GiftForGuardsman | StinkyKatana","SOURCE_PATH_RESOLVED","C3E2C","UNITY_PREFAB_YAML","CodeRebirthUnityProject/Assets/LethalCompany/Mods/plugins/CodeRebirth/Moons/Oxyde/Prefabs/HachimansGift/GiftForGuardsman.prefab","8c0ff3d3f52cdf68328a4a8a7dfb3c6ac47c2fa0","false"
"4ff0ad2278a21dd4097398fdf11bfc3c","7","WeCanDoItPoster (1) | WeCanDoItPoster (5) | WeCanDoItPoster (2) | WeCanDoItPoster | WeCanDoItPoster (3) | WeCanDoItPoster (4) | WeCanDoItPoster (6)","SOURCE_PATH_UNRESOLVED","","","","","false"
"4ff4d45f379371c41a61918bcb7365f5","1","boombird","SOURCE_PATH_UNRESOLVED","","","","","false"
"531fad2bc253cff47821eda953550638","31","DecoSafe | DecoSafe (5) | DecoSafe (3) | DecoSafe (10) | DecoSafe (7) | DecoSafe (1) | DecoSafe (8) | DecoSafe (2) | DecoSafe (4) | DecoSafe (9) | DecoSafe (11) | DecoSafe (6)","SOURCE_PATH_UNRESOLVED","","","","","false"
"55dd956f56d7dd44e80e72d812d5fe7d","8","OpenBox (1) | OpenBox (5) | OpenBox | OpenBox (2) | OpenBox (4) | OpenBox (3)","SOURCE_PATH_UNRESOLVED","","","","","false"
"56036d57cd5a27047a837c518a8b1011","12","StuffBox (8) | StuffBox | StuffBox (2) | StuffBox (1) | StuffBox (4) | StuffBox (3) | StuffBox (7) | StuffBox (6) | StuffBox (5)","SOURCE_PATH_UNRESOLVED","","","","","false"
"5889649b31ba3e540a46ff679bf8acd1","6","OxydeRock.001 (1) | OxydeRock.001 (7) | OxydeRock.001 (4) | OxydeRock.001 (8) | OxydeRock.001 (6) | OxydeRock.001 (5)","SOURCE_PATH_UNRESOLVED","","","","","false"
"5f8e93eebb677fe4e9d2e45cff60cbd3","3","GoodJobMug (1) | GoodJobMug","SOURCE_PATH_UNRESOLVED","","","","","false"
"62179ff2db82e6142ad290ce6b4f8b27","7","MediumCandle (5) | MediumCandle (1) | MediumCandle | MediumCandle (3) | MediumCandle (2) | MediumCandle (4) | MediumCandle (6)","SOURCE_PATH_UNRESOLVED","","","","","false"
"62251f173dbdf2c4eb66b14199b28043","59","OffMeshLink | OffMeshLink (7) | OffMeshLink (2) | OffMeshLink (3) | OffMeshLink (6) | OffMeshLink (1) | OffMeshLink (5) | OffMeshLink (11) | OffMeshLink (4) | OffMeshLink (10) | OffMeshLink (8) | OffMeshLink (9)","SOURCE_PATH_RESOLVED","C3E2C","UNITY_PREFAB_YAML","CodeRebirthUnityProject/Assets/LethalCompany/Mods/plugins/CodeRebirth/Moons/MiscShiz/OffMeshLink.prefab","10e9ef9c55bfe82b732b09729eaf6e8585d3a645","false"
"63541034e295f724f9c95a1af1b1e2a1","1","NancyPhoto","SOURCE_PATH_UNRESOLVED","","","","","false"
"638dbf7db29e92043b8244cf86f69970","1","CompanyNote","SOURCE_PATH_UNRESOLVED","","","","","false"
"63b81423174c64c488ff6ee7a805b91d","14","OxydeRock.004 (23) | OxydeRock.004 (4) | OxydeRock.004 (14) | OxydeRock.004 (6) | OxydeRock.004 (3) | OxydeRock.004 (17) | OxydeRock.004 (20) | OxydeRock.004 (16) | OxydeRock.004 (5) | OxydeRock.004 (22) | OxydeRock.004 (15) | OxydeRock.004 (18) | OxydeRock.004 (19) | OxydeRock.004 (24)","SOURCE_PATH_UNRESOLVED","","","","","false"
"65d349064ad87e94682f5627686caa26","1","ManorLordPhoto","SOURCE_PATH_UNRESOLVED","","","","","false"
"677cb874932df924cae0e2f06796b485","7","Glass | Glass (1) | Glass (5) | Glass (3) | Glass (2) | Glass (6) | Glass (4)","SOURCE_PATH_UNRESOLVED","","","","","false"
"6a46e511e0cb4b243a7f3e7f39f3f27f","9","OxydeRock.005 (16) | OxydeRock.005 (14) | OxydeRock.005 (8) | OxydeRock.005 (11) | OxydeRock.005 (10) | OxydeRock.005 (9) | OxydeRock.005 (12) | OxydeRock.005 (15) | OxydeRock.005 (13)","SOURCE_PATH_UNRESOLVED","","","","","false"
"6b2e5227875d7634d975b0f48e679901","9","BlueDecoBarrel | BlueDecoBarrel (1) | BlueDecoBarrel (2)","SOURCE_PATH_UNRESOLVED","","","","","false"
"6f1aaf06c889ef349840499fffff223f","5","CrimsonFluPoster (3) | CrimsonFluPoster (1) | CrimsonFluPoster (2) | CrimsonFluPoster | CrimsonFluPoster (4)","SOURCE_PATH_UNRESOLVED","","","","","false"
"6f45f513e9085fe4e9eb1742dd3421f7","1","Grammaphone","SOURCE_PATH_UNRESOLVED","","","","","false"
"7366b5fabba81ec428c9635f5cac0f6e","24","Pumkim (2) | Pumkim (4) | Pumkim (1) | Pumkim | Pumkim (6) | Pumkim (7) | Pumkim (9) | Pumkim (5) | Pumkim (3) | Pumkim (8)","SOURCE_PATH_UNRESOLVED","","","","","false"
"7827fe3d95bca0248ae01d81d373f77d","2","FlyingBat","SOURCE_PATH_UNRESOLVED","","","","","false"
"7a815168799afe04a8c4a25da3f75698","8","OxydeRock.006 (18) | OxydeRock.006 (5) | OxydeRock.006 (6) | OxydeRock.006 (13) | OxydeRock.006 (10) | OxydeRock.006 (7) | OxydeRock.006 (12) | OxydeRock.006 (11)","SOURCE_PATH_UNRESOLVED","","","","","false"
"7c3c477478b31a94288640a30131ce08","5","Candy.004 | Candy.004 (1)","SOURCE_PATH_UNRESOLVED","","","","","false"
"7c4c76117c6eed74f95157783f0c3862","7","Light (5) | Light (1) | Light | Light (6) | Light (3) | Light (4) | Light (2)","SOURCE_PATH_UNRESOLVED","","","","","false"
"7ccd7ab800d3fa149b05ebf1c4553000","10","JIMOLantern.001 | JIMOLantern.001 (1) | JIMOLantern.001 (2)","SOURCE_PATH_UNRESOLVED","","","","","false"
"7d09faa98f1da824098f46dcfa3394f5","3","OxydeRock.002 (6) | OxydeRock.002 (18) | OxydeRock.002","SOURCE_PATH_UNRESOLVED","","","","","false"
"7eff7f67efb42f6468687bd2d166edca","5","Bowl (3) | Bowl (2) | Bowl (4) | Bowl (1) | Bowl","SOURCE_PATH_UNRESOLVED","","","","","false"
"7fc3884af2ad97b49ad6e8c07a374cfd","1","Ladder1.5x (2) Tall (1)","SOURCE_PATH_RESOLVED","C3E2A","UNITY_PREFAB_YAML","CodeRebirthUnityProject/Assets/LethalCompany/Mods/plugins/CodeRebirth/Moons/MiscShiz/Ladder1.5x (2) Tall.prefab","2dbd3dd0a95c4b3c65d693e58504b3b23faddd29","false"
"81c68253e3eae06419401a2290dcf0ad","6","SpeakerPole 1 | SpeakerPole 1 (4) | SpeakerPole 1 (1) | SpeakerPole 1 (3) | SpeakerPole 1 (2) | SpeakerPole 1 (5)","SOURCE_PATH_UNRESOLVED","","","","","false"
"837869c64a267234a88e34027dcfbf56","1","SafeBridge","SOURCE_PATH_RESOLVED","C3E2C","UNITY_PREFAB_YAML","CodeRebirthUnityProject/Assets/LethalCompany/Mods/plugins/CodeRebirth/Moons/Oxyde/Prefabs/Structures/Bridge/SafeBridge.prefab","bbe435f93fec926efc352f29934d85b616bad6f3","false"
"879427b4ea217cd478baee3a24958a2e","1","MagicianPhoto","SOURCE_PATH_UNRESOLVED","","","","","false"
"8bd1f1fe7df5f26498b39b31f7785b52","3","SarcophagusClosed","SOURCE_PATH_RESOLVED","C3E2A","UNITY_PREFAB_YAML","CodeRebirthUnityProject/Assets/LethalCompany/Mods/plugins/CodeRebirth/Moons/Oxyde/Prefabs/Structures/OldShip/SarcophagusClosed.prefab","5954bcd7f98f72a3023c07a89490a480c8308695","false"
"8bede6dc5a79bb04ba5a4e8abe98f828","7","FullBucket1 | FullBucket1 (6) | FullBucket1 (1) | FullBucket1 (2) | FullBucket1 (3) | FullBucket1 (4) | FullBucket1 (5)","SOURCE_PATH_UNRESOLVED","","","","","false"
"8c5ff7431331c7a48b65cf2925447472","1","CactusPhoto","SOURCE_PATH_UNRESOLVED","","","","","false"
"8d9d3c3fbc98cc44cb8b80c04ecf2af8","2","WorkforceEnemyEntrySpawn | WorkforceEnemyEntrySpawn (2)","SOURCE_PATH_RESOLVED","C3E2A","UNITY_PREFAB_YAML","CodeRebirthUnityProject/Assets/LethalCompany/Mods/plugins/CodeRebirth/Moons/Oxyde/Prefabs/Spawners/WorkforceEnemyEntrySpawn.prefab","7737f55e86d24ec05e44a86d6c180b065f237ed8","false"
"8f93c81bc36cda043b17f5d0a6d328e7","5","DecoContainerBlueOpen2Sides | DecoContainerBlueOpen2Sides (1) | DecoContainerBlueOpen2Sides (2)","SOURCE_PATH_UNRESOLVED","","","","","false"
"903020cb25d7ec147b2f43e44f814b19","2","CandyBucket (1) | CandyBucket","SOURCE_PATH_UNRESOLVED","","","","","false"
"90f7f4aa0c4b7f34b81023926474be40","1","MonarchPhoto","SOURCE_PATH_UNRESOLVED","","","","","false"
"91aa053d435379540a832f5e24bccf62","6","Spider | Spider (1)","SOURCE_PATH_UNRESOLVED","","","","","false"
"92125615bd1bf8149a7db8deca27eaff","5","TractorDigging (3) | TractorDigging | TractorDigging (4) | TractorDigging (1)","SOURCE_PATH_UNRESOLVED","","","","","false"
"9255e72880433e34b86035c59e33ac00","24","ScaffPlanksHole | ScaffPlanksHole (2) | ScaffPlanksHole (1)","SOURCE_PATH_UNRESOLVED","","","","","false"
"930166030e17ea244be2ac204afd980e","2","OxydeRock.003 (1) | OxydeRock.003","SOURCE_PATH_UNRESOLVED","","","","","false"
"938a475fc10613c458155d76a279a6e5","2","VeinsFlyTrap (1) | VeinsFlyTrap","SOURCE_PATH_UNRESOLVED","","","","","false"
"965e593349c5b3c41a8367170a5a3083","17","OxydeRock.007 (8) | OxydeRock.007 (3) | OxydeRock.007 (14) | OxydeRock.007 (2) | OxydeRock.007 (1) | OxydeRock.007 (7) | OxydeRock.007 (9) | OxydeRock.007 (13) | OxydeRock.007 (24) | OxydeRock.007 (5) | OxydeRock.007 (4) | OxydeRock.007 (6) | OxydeRock.007 (15)","SOURCE_PATH_UNRESOLVED","","","","","false"
"975abd31affaa9342987db030bfdd69e","9","MRE (3) | MRE (5) | MRE (1) | MRE | MRE (7) | MRE (4) | MRE (6) | MRE (2) | MRE (8)","SOURCE_PATH_UNRESOLVED","","","","","false"
"9a079d15963d2f540af8039f2d987069","6","GGGGhost | GGGGhost (1)","SOURCE_PATH_UNRESOLVED","","","","","false"
"9b7f5cbcbaefd0e40819815ae451aa2f","4","Candy.006","SOURCE_PATH_UNRESOLVED","","","","","false"
"9d55255ec6eafdd4cbfac8cbbe01525a","1","MansionEnemyEntrySpawn 1","SOURCE_PATH_RESOLVED","C3E2A","UNITY_PREFAB_YAML","CodeRebirthUnityProject/Assets/LethalCompany/Mods/plugins/CodeRebirth/Moons/Oxyde/Prefabs/Spawners/MansionEnemyEntrySpawn 1.prefab","07a425a854dd909c5750bf16265f3b7a975992c8","false"
"9f24447db9fe5b443bfaa70127b803e0","11","RedwoodGourd | RedwoodGourd (3) | RedwoodGourd (2) | RedwoodGourd (1)","SOURCE_PATH_UNRESOLVED","","","","","false"
"9fbe2e22f90073f4981bca1499781874","40","DecoCrate (2) | DecoCrate (4) | DecoCrate (8) | DecoCrate | DecoCrate (5) | DecoCrate (9) | DecoCrate (10) | DecoCrate (6) | DecoCrate (7) | DecoCrate (3) | DecoCrate (1) | DecoCrate (12) | DecoCrate (11) | DecoCrate (13)","SOURCE_PATH_UNRESOLVED","","","","","false"
"a2e7215282d4b594c95c9873043aac93","6","PaveTheWayPoster (6) | PaveTheWayPoster (4) | PaveTheWayPoster | PaveTheWayPoster (5) | PaveTheWayPoster (1) | PaveTheWayPoster (3)","SOURCE_PATH_UNRESOLVED","","","","","false"
"a3267481d0d83694a840d6e50c6d4962","12","ThingsBox (4) | ThingsBox (7) | ThingsBox (3) | ThingsBox (6) | ThingsBox (2) | ThingsBox (8) | ThingsBox | ThingsBox (1) | ThingsBox (5)","SOURCE_PATH_UNRESOLVED","","","","","false"
"a379e881ad0daa24896988eaf1374e43","5","TallCactus | TallCactus (3) | TallCactus (1) | TallCactus (2) | TallCactus (4)","SOURCE_PATH_UNRESOLVED","","","","","false"
"a41ab2ae1c6dd3045a2405e041bf3ed7","8","BrokenPeacekeeper (2) | BrokenPeacekeeper (3) | BrokenPeacekeeper (7) | BrokenPeacekeeper | BrokenPeacekeeper (4) | BrokenPeacekeeper (1) | BrokenPeacekeeper (6) | BrokenPeacekeeper (5)","SOURCE_PATH_UNRESOLVED","","","","","false"
"a4f693f6ad4579e49af00e1f44362006","7","OxydeRock.003 (2) | OxydeRock.003 (4) | OxydeRock.003 (6) | OxydeRock.003 (1) | OxydeRock.003 (3) | OxydeRock.003 (7) | OxydeRock.003 (5)","SOURCE_PATH_UNRESOLVED","","","","","false"
"a5099fef93132d0459a980f2d74ef514","7","SmallCandle | SmallCandle (1) | SmallCandle (3) | SmallCandle (4) | SmallCandle (5) | SmallCandle (2)","SOURCE_PATH_UNRESOLVED","","","","","false"
"a5da1f10b27a91e4cb593944692636c1","3","HeadPhones | HeadPhones (1)","SOURCE_PATH_UNRESOLVED","","","","","false"
"a6b489b179353c348a4cf5faf62328f5","7","BooksBox (2) | BooksBox | BooksBox (4) | BooksBox (1) | BooksBox (3) | BooksBox (5)","SOURCE_PATH_UNRESOLVED","","","","","false"
"a80308eb2adefe149ad85a16a562dcb2","1","CraneNetting | Crane","SOURCE_PATH_RESOLVED","C3E2C","UNITY_PREFAB_YAML","CodeRebirthUnityProject/Assets/LethalCompany/Mods/plugins/CodeRebirth/Moons/Oxyde/Prefabs/Structures/Crane/Crane.prefab","6cbc157667149cc8b3abacbd84d1f4b4152b73d6","false"
"aceb20de6d87df1469b01cbd441bdef2","56","DecoContainerBlue (12) | DecoContainerBlue (6) | DecoContainerBlue (1) | DecoContainerBlue (8) | DecoContainerBlue (7) | DecoContainerBlue (4) | DecoContainerBlue (14) | DecoContainerBlue | DecoContainerBlue (2) | DecoContainerBlue (10) | DecoContainerBlue (5) | DecoContainerBlue (3) | DecoContainerBlue (9) | DecoContainerBlue (11) | DecoContainerBlue (13)","SOURCE_PATH_UNRESOLVED","","","","","false"
"ad51a56e304361944bc718afe1abdaf0","4","Guardsman.009 | Guardsman.009 (2) | Guardsman.009 (1) | Guardsman.009 (3)","SOURCE_PATH_UNRESOLVED","","","","","false"
"ae2c7bcb8a196ca4691ae14adb8b25ca","3","ItemSpawnRare (11) | ItemSpawnRare (9) | ItemSpawnRare (10)","SOURCE_PATH_UNRESOLVED","","","","","false"
"aeb66877acaf7c04ab4e6232b83d2be5","4","OxydeRock.001 (10) | OxydeRock.001 | OxydeRock.001 (9)","SOURCE_PATH_UNRESOLVED","","","","","false"
"af0fe2d3a5f2eef4ab4770e94384b090","1","VetChallengesShip","SOURCE_PATH_RESOLVED","C3E2A","UNITY_PREFAB_YAML","CodeRebirthUnityProject/Assets/LethalCompany/Mods/plugins/CodeRebirth/Moons/Oxyde/Prefabs/VetChallenges/VetChallengesShip.prefab","b93ff7d68fad45e229143c2b1af5b8f70a7fb3b0","false"
"af265f98af0ecad43969122d24a96f95","50","DecoContainerRed (4) | DecoContainerRed (8) | DecoContainerRed (9) | DecoContainerRed (3) | DecoContainerRed (6) | DecoContainerRed | DecoContainerRed (15) | DecoContainerRed (10) | DecoContainerRed (7) | DecoContainerRed (5) | DecoContainerRed (2) | DecoContainerRed (11) | DecoContainerRed (1) | DecoContainerRed (14) | DecoContainerRed (13) | DecoContainerRed (16) | DecoContainerRed (12)","SOURCE_PATH_UNRESOLVED","","","","","false"
"b0656b0726215ac418aba9449f831946","1","GuardsmanPhoto","SOURCE_PATH_UNRESOLVED","","","","","false"
"b0d281e8871561241853dfbe1817fd4c","4","UpsidedownBat (1) | UpsidedownBat (2) | UpsidedownBat","SOURCE_PATH_UNRESOLVED","","","","","false"
"b11f30c1d4894044981bc42bcdd00304","3","Plank | Plank (1) | Plank (2)","SOURCE_PATH_UNRESOLVED","","","","","false"
"b13d078a004f5124ab24feecaaa76776","10","BrokenJanitor (2) | BrokenJanitor (5) | BrokenJanitor (1) | BrokenJanitor | BrokenJanitor (7) | BrokenJanitor (6) | BrokenJanitor (8) | BrokenJanitor (4) | BrokenJanitor (3) | BrokenJanitor (9)","SOURCE_PATH_UNRESOLVED","","","","","false"
"b16106f504369c3428bfac2fa669c5b1","9","PalletPile1 | PalletPile1 (1) | PalletPile1 (2)","SOURCE_PATH_UNRESOLVED","","","","","false"
"b6939e5df363465468450acd37900193","8","NoFlySign (2) | NoFlySign | NoFlySign (1) | NoFlySign (7) | NoFlySign (5) | NoFlySign (6) | NoFlySign (4) | NoFlySign (3)","SOURCE_PATH_UNRESOLVED","","","","","false"
"b9c878de8f3028e47b501b37908b3306","18","WallPin 1 | WallPin 1 (14) | WallPin 1 (3) | WallPin 1 (4) | WallPin 1 (13) | WallPin 1 (1) | WallPin 1 (10) | WallPin 1 (9) | WallPin 1 (11) | WallPin 1 (8) | WallPin 1 (2) | WallPin 1 (5) | WallPin 1 (12) | WallPin 1 (7) | WallPin 1 (6)","SOURCE_PATH_UNRESOLVED","","","","","false"
"baaae1dd770360e44b73a5addcaa182f","61","ScaffBigPlank | ScaffBigPlank (1) | ScaffBigPlank (2)","SOURCE_PATH_UNRESOLVED","","","","","false"
"baf1e4f7ed84fea4e8b275b261a4e21a","1","SnailCatPhoto","SOURCE_PATH_UNRESOLVED","","","","","false"
"bba6726ae39820b49a0e4c65bf1c3a72","1","DuckPhoto","SOURCE_PATH_UNRESOLVED","","","","","false"
"bc277621dd1e80642938f76b427a0a76","6","Candy.008 | Candy.008 (1)","SOURCE_PATH_UNRESOLVED","","","","","false"
"bcbb248afed0b3e4d874d4e42f57a9c9","1","NavMeshModifierVolume","SOURCE_PATH_UNRESOLVED","","","","","false"
"bd56ec3c725a6904297716e6723433fa","5","FullBucket1 1 (2) | FullBucket1 1 (1) | FullBucket1 1 (4) | FullBucket1 1 (3) | FullBucket1 1","SOURCE_PATH_UNRESOLVED","","","","","false"
"bda9c03d997b3a84ab50549257a92bad","7","WaterTower (1) | WaterTower | WaterTower (3) | WaterTower (2)","SOURCE_PATH_RESOLVED","C3E2C","UNITY_PREFAB_YAML","CodeRebirthUnityProject/Assets/LethalCompany/Mods/plugins/CodeRebirth/Moons/Oxyde/Prefabs/Structures/Decoration/WaterTower.prefab","069a3ded44f0e67c11c2cdcf480ffcf6e5c6d14e","false"
"bdc09bb0305460b45af8ae4cb43b2771","30","CartPlatform (19) | CartPlatform (8) | CartPlatform (7) | CartPlatform (26) | CartPlatform (3) | CartPlatform (29) | CartPlatform (25) | CartPlatform (5) | CartPlatform (17) | CartPlatform (1) | CartPlatform (13) | CartPlatform (4) | CartPlatform (12) | CartPlatform (21) | CartPlatform (10) | CartPlatform (28) | CartPlatform (18) | CartPlatform (27) | CartPlatform (24) | CartPlatform (23) | CartPlatform (11) | CartPlatform (14) | CartPlatform (6) | CartPlatform (2) | CartPlatform (9) | CartPlatform (15) | CartPlatform (22) | CartPlatform (20) | CartPlatform | CartPlatform (16)","SOURCE_PATH_UNRESOLVED","","","","","false"
"be368c87dfcf8a442853df4e1c4362bd","6","BigTruck (2) | BigTruck (4) | BigTruck | BigTruck (1) | BigTruck (3)","SOURCE_PATH_UNRESOLVED","","","","","false"
"bf118ce4bee444c48b81119847abdd6c","1","Jimothybabyboy","SOURCE_PATH_RESOLVED","C3E2C","UNITY_PREFAB_YAML","CodeRebirthUnityProject/Assets/LethalCompany/Mods/plugins/CodeRebirth/Moons/Oxyde/Prefabs/JimothyNpc/Jimothybabyboy.prefab","0641d80884673730023fbcc9cb6706080ef88d9d","false"
"c1597fe62c62fa644ab24a1460b6efcf","1","PeaceKeeperPhoto","SOURCE_PATH_UNRESOLVED","","","","","false"
"c35ecd8bbe1e7d546b9cf5a1278450c3","38","Grave3 (1) | Grave3 (2) | Grave3 (8) | Grave3 (6) | Grave3 | Grave3 (4) | Grave3 (16) | Grave3 (14) | Grave3 (3) | Grave3 (15) | Grave3 (13) | Grave3 (12) | Grave3 (7) | Grave3 (5) | Grave3 (17) | Grave3 (9) | Grave3 (11) | Grave3 (10)","SOURCE_PATH_UNRESOLVED","","","","","false"
"c369c9f300086984f8f4e0da9959f611","1","DriftwoodPhoto","SOURCE_PATH_UNRESOLVED","","","","","false"
"c48d3516e654cef4da603caa740245f0","11","CratesSpawn | CratesSpawn (3) | CratesSpawn (4) | CratesSpawn (8) | CratesSpawn (6) | CratesSpawn (7) | CratesSpawn (5) | CratesSpawn (10) | CratesSpawn (1) | CratesSpawn (9) | CratesSpawn (2)","SOURCE_PATH_RESOLVED","C3E2C","UNITY_PREFAB_YAML","CodeRebirthUnityProject/Assets/LethalCompany/Mods/plugins/CodeRebirth/Moons/Oxyde/Prefabs/Spawners/CratesSpawn.prefab","2a93e24b1c7cae100d59ceb2ef39eb3951fa2a28","false"
"c50865ef7516ada4b91799125aa3e204","31","CartSupport (27) | CartSupport (2) | CartSupport (9) | CartSupport (16) | CartSupport (26) | CartSupport (21) | CartSupport (3) | CartSupport (6) | CartSupport (15) | CartSupport (8) | CartSupport (7) | CartSupport (23) | CartSupport (1) | CartSupport (11) | CartSupport (25) | CartSupport (28) | CartSupport (24) | CartSupport (22) | CartSupport (29) | CartSupport (14) | CartSupport (13) | CartSupport (20) | CartSupport (19) | CartSupport (5) | CartSupport (4) | CartSupport (10) | CartSupport (12) | CartSupport (18) | CartSupport (17) | CartSupport | CartSupport (30)","SOURCE_PATH_UNRESOLVED","","","","","false"
"c5e7a5b59d00f7b458413bb37d6ed0b7","6","Crow | Crow (1)","SOURCE_PATH_UNRESOLVED","","","","","false"
"cadd9c84a18607540bcdb9af4f65ccf0","8","OxydePipe (5) | OxydePipe (1) | OxydePipe (2) | OxydePipe (3) | OxydePipe (6) | OxydeCompactorPipe (7) | OxydePipe | OxydePipe (4)","SOURCE_PATH_UNRESOLVED","","","","","false"
"cf335cb3799dbc64d8cedacf5b6acf64","1","MistressNote","SOURCE_PATH_UNRESOLVED","","","","","false"
"d03499a980e62aa4eb8f04857139c1fd","6","OxydeRock.006 (16) | OxydeRock.006 (17) | OxydeRock.006 | OxydeRock.006 (15) | OxydeRock.006 (1) | OxydeRock.006 (14)","SOURCE_PATH_UNRESOLVED","","","","","false"
"d0b0d663356a6bc4d8123e75472774ed","1","JimothyCabinTiled","SOURCE_PATH_RESOLVED","C3E2A","UNITY_PREFAB_YAML","CodeRebirthUnityProject/Assets/LethalCompany/Mods/plugins/CodeRebirth/Moons/Oxyde/Prefabs/Structures/JimothyCabin/JimothyCabinTiled.prefab","7be6426fd138c25b7daf46bd33237df692e1064c","false"
"d4cd5709ead01c84b9b953539265bf3e","3","CoffeePot (2) | CoffeePot (1) | CoffeePot","SOURCE_PATH_UNRESOLVED","","","","","false"
"d52bb8119a9bb9e41a51795c5d95d553","4","DecoContainerRedOpen2Sides (1) | DecoContainerRedOpen2Sides (2) | DecoContainerRedOpen2Sides","SOURCE_PATH_UNRESOLVED","","","","","false"
"d638b9b79ee6bf94eadf1fcdb1d09cbb","10","SinglePallet (1) | SinglePallet","SOURCE_PATH_UNRESOLVED","","","","","false"
"d7ac55900e64d3f408517419ce49f7a2","1","JanitorPhoto","SOURCE_PATH_UNRESOLVED","","","","","false"
"d80fcfb0e89ef0a4ea6ce83c79e06803","1","DoomsdayClock","SOURCE_PATH_RESOLVED","C3E2C","UNITY_PREFAB_YAML","CodeRebirthUnityProject/Assets/LethalCompany/Mods/plugins/CodeRebirth/Moons/Oxyde/Prefabs/Structures/JimothyCabin/Decoration/DoomsdayClock.prefab","c706b1c555911f728682c7fd6438c0d44b60554e","false"
"da37130c82510bb4190d2e4124b8d753","1","Lantern","SOURCE_PATH_UNRESOLVED","","","","","false"
"dac9dfb406718fe48835313de38f0a3e","6","GuardPhonePoster (1) | GuardPhonePoster | GuardPhonePoster (5) | GuardPhonePoster (4) | GuardPhonePoster (3) | GuardPhonePoster (2)","SOURCE_PATH_UNRESOLVED","","","","","false"
"dad9d683cfb65bd43b65f58b03267a09","2","Folder (1) | Folder","SOURCE_PATH_UNRESOLVED","","","","","false"
"dafdf00705cdb9144be01f3fb199ce82","1","Droid","SOURCE_PATH_UNRESOLVED","","","","","false"
"db9f0d54d31e40545b5d875d4dd8ae68","1","BigWeb","SOURCE_PATH_UNRESOLVED","","","","","false"
"dbf91b771d32c994db95877401c12238","5","Streamer.001 (1) | Streamer.001","SOURCE_PATH_UNRESOLVED","","","","","false"
"dc2062fcb019d87419ef48e3b8c6eddb","17","GoodJobPoster (9) | GoodJobPoster (6) | GoodJobPoster (3) | GoodJobPoster (1) | GoodJobPoster (4) | GoodJobPoster (14) | GoodJobPoster | GoodJobPoster (15) | GoodJobPoster (5) | GoodJobPoster (8) | GoodJobPoster (11) | GoodJobPoster (13) | GoodJobPoster (7) | GoodJobPoster (2) | GoodJobPoster (12) | GoodJobPoster (16) | GoodJobPoster (10)","SOURCE_PATH_UNRESOLVED","","","","","false"
"dc4b41c221f7d5d4d893c76e8106cb2d","2","ItemSpawnSpecial (6) | ItemSpawnSpecial (3)","SOURCE_PATH_UNRESOLVED","","","","","false"
"dc63774eb9b81c94291d8b7e133e3a73","2","WebCorner2","SOURCE_PATH_UNRESOLVED","","","","","false"
"dd10f44eeb74a90438dbf82bb60c8a42","2","OxydeRock (1) | OxydeRock","SOURCE_PATH_UNRESOLVED","","","","","false"
"dd344d9c110af2f49a4802768ca63ad2","20","Minecart (5) | Minecart (13) | Minecart (15) | Minecart (6) | Minecart (4) | Minecart (9) | Minecart (10) | Minecart (11) | Minecart (1) | Minecart (14) | Minecart (2) | Minecart (3) | Minecart (18) | Minecart | Minecart (16) | Minecart (12) | Minecart (7) | Minecart (17) | Minecart (8) | Minecart (19)","SOURCE_PATH_RESOLVED","C3E2A","UNITY_PREFAB_YAML","CodeRebirthUnityProject/Assets/LethalCompany/Mods/plugins/CodeRebirth/Moons/Oxyde/Prefabs/Structures/Minecart/Minecart.prefab","bef7396a45a382b7abcae463e1baa0a781e69d13","false"
"df462f0ae7396094fb23763c4521c40f","1","OxydeBobby","SOURCE_PATH_RESOLVED","C3E2C","UNITY_PREFAB_YAML","CodeRebirthUnityProject/Assets/LethalCompany/Mods/plugins/CodeRebirth/Moons/Oxyde/Prefabs/Structures/JimothyCabin/Decoration/BobbySnailCat/OxydeBobby.prefab","9a6579c7782e8a0be70515f56965e80ea158c6b0","false"
"df71c0e5ee6ce8740913e18cf64c46f4","1","Rubik","SOURCE_PATH_UNRESOLVED","","","","","false"
"e0ba3ad741a3c034ebbfd04e2b0c5d5f","11","OxydeRock.005 (22) | OxydeRock.005 | OxydeRock.005 (20) | OxydeRock.005 (7) | OxydeRock.005 (1) | OxydeRock.005 (3) | OxydeRock.005 (19) | OxydeRock.005 (21)","SOURCE_PATH_UNRESOLVED","","","","","false"
"e3e64414de6b43547aabaa5d19cc239c","5","WelcomeSign (1) | WelcomeSign | WelcomeSign (2) | WelcomeSign (3)","SOURCE_PATH_UNRESOLVED","","","","","false"
"e4efbd87b159f874696f209f5debefa2","1","ButtonInteract | SellingSally | BellInteract","SOURCE_PATH_RESOLVED","C3E2C","UNITY_PREFAB_YAML","CodeRebirthUnityProject/Assets/LethalCompany/Mods/plugins/CodeRebirth/Moons/Oxyde/Prefabs/Structures/SellingSally/SellingSally.prefab","93a13e743f92f9813dc4132bb9dfce065e1d5d3a","false"
"e73a244d8e33195448df7390ea94caef","1","SallyStairs","SOURCE_PATH_RESOLVED","C3E2B","FBX_MODEL_LFS_POINTER","CodeRebirthUnityProject/Assets/LethalCompany/Mods/plugins/CodeRebirth/Moons/Oxyde/Prefabs/Structures/SellingSally/Model/SallyStairs.fbx","ffcc754d753ed466d233b569cc39e2fbebd6191f","false"
"e77f31857d7e98849aac547725be9431","16","OxydeRock.007 | OxydeRock.007 (28) | OxydeRock.007 (1) | OxydeRock.007 (26) | OxydeRock.007 (10) | OxydeRock.007 (12) | OxydeRock.007 (23) | OxydeRock.007 (11) | OxydeRock.007 (25) | OxydeRock.007 (2) | OxydeRock.007 (4) | OxydeRock.007 (27)","SOURCE_PATH_UNRESOLVED","","","","","false"
"ea33f60b848d5d7419d5fe4aa08ca058","5","OxydeRock.001 | OxydeRock.001 (1) | OxydeRock.001 (3) | OxydeRock.001 (2)","SOURCE_PATH_UNRESOLVED","","","","","false"
"eaddaaac55fd05346a45e5487ec811e6","6","PaintingFrameOxyde (1) | PaintingFrameOxyde | PaintingFrameOxyde (4) | PaintingFrameOxyde (3) | PaintingFrameOxyde (2) | Plane | PaintingFrameOxyde (5)","SOURCE_PATH_UNRESOLVED","","","","","false"
"ec25778525026cb4c9320483cae3ca2a","25","ForkliftEmpty (3) | ForkliftEmpty (1) | ForkliftEmpty (2) | ForkliftEmpty | ForkliftEmpty (5) | ForkliftEmpty (8) | ForkliftEmpty (6) | ForkliftEmpty (4) | ForkliftEmpty (7)","SOURCE_PATH_UNRESOLVED","","","","","false"
"ecb6d7ccb40b7e04a9d66976007826bd","8","Tractor (3) | Tractor (1) | Tractor | Tractor (5) | Tractor (4) | Tractor (2) | Tractor (6)","SOURCE_PATH_UNRESOLVED","","","","","false"
"ede017a52fb37e74d84849d3d7bb942c","21","GiantPumpkin (1) | GiantPumpkin | GiantPumpkin (9) | GiantPumpkin (7) | GiantPumpkin (2) | GiantPumpkin (5) | GiantPumpkin (4) | GiantPumpkin (11) | GiantPumpkin (10) | GiantPumpkin (6) | GiantPumpkin (8) | GiantPumpkin (3)","SOURCE_PATH_UNRESOLVED","","","","","false"
"efed00bebc0c8ab4696dc299415f88c3","4","Candy.003 (1) | Candy.003","SOURCE_PATH_UNRESOLVED","","","","","false"
"f0e1f8ec7fc722f4dac7b13513d48937","26","RedDecoBarrel (1) | RedDecoBarrel | RedDecoBarrel (6) | RedDecoBarrel (3) | RedDecoBarrel (5) | RedDecoBarrel (2) | RedDecoBarrel (4) | RedDecoBarrel (7)","SOURCE_PATH_UNRESOLVED","","","","","false"
"f0f3e642ada3aa446b3f73c7c5cefbd1","8","OxydeRock.006 (2) | OxydeRock.006 | OxydeRock.006 (4) | OxydeRock.006 (8) | OxydeRock.006 (9) | OxydeRock.006 (1) | OxydeRock.006 (19)","SOURCE_PATH_UNRESOLVED","","","","","false"
"f13da7da716c92b45a2657a7cc6dd1b5","33","Grave2 (2) | Grave2 (15) | Grave2 (18) | Grave2 (6) | Grave2 (1) | Grave2 | Grave2 (10) | Grave2 (8) | Grave2 (3) | Grave2 (19) | Grave2 (4) | Grave2 (13) | Grave2 (11) | Grave2 (16) | Grave2 (14) | Grave2 (7) | Grave2 (17) | Grave2 (12) | Grave2 (5) | Grave2 (9)","SOURCE_PATH_UNRESOLVED","","","","","false"
"f18fd0718660d8e48b751a90e20b6deb","3","MelssingPoster","SOURCE_PATH_UNRESOLVED","","","","","false"
"f2742ba95ba4de8429f1ad3bf5af575c","14","OxydeRock.005 (7) | OxydeRock.005 (5) | OxydeRock.005 (6) | OxydeRock.005 (3) | OxydeRock.005 (18) | OxydeRock.005 (8) | OxydeRock.005 (4) | OxydeRock.005 (17) | OxydeRock.005 | OxydeRock.005 (1) | OxydeRock.005 (2)","SOURCE_PATH_UNRESOLVED","","","","","false"
"f354eba67c9ac1c4faa7ce98cb6ee920","1","SallyStairsCollider","SOURCE_PATH_RESOLVED","C3E2B","FBX_MODEL_LFS_POINTER","CodeRebirthUnityProject/Assets/LethalCompany/Mods/plugins/CodeRebirth/Moons/Oxyde/Prefabs/Structures/SellingSally/Model/SallyStairsCollider.fbx","5c1f84794fdf9f9e1007d22878ca6718ad90f220","false"
"f3c742563131a374ea62d76a74e13304","38","Grave1 (19) | Grave1 (2) | Grave1 (8) | Grave1 (1) | Grave1 | Grave1 (4) | Grave1 (20) | Grave1 (3) | Grave1 (16) | Grave1 (21) | Grave1 (5) | Grave1 (9) | Grave1 (14) | Grave1 (18) | Grave1 (15) | Grave1 (6) | Grave1 (12) | Grave1 (11) | Grave1 (13) | Grave1 (7) | Grave1 (10) | Grave1 (17)","SOURCE_PATH_UNRESOLVED","","","","","false"
"f469f9dc199594a41b1caff572c8f462","1","MerchantBase","SOURCE_PATH_RESOLVED","C3E2C","FBX_MODEL_LFS_POINTER","CodeRebirthUnityProject/Assets/LethalCompany/Mods/plugins/CodeRebirth/Moons/Oxyde/Prefabs/Structures/MerchantStructure/MerchantBase.fbx","6b5c6728291d52db119e97637fb58e16d5853410","false"
"f46a74dc91cadb84483fb2651022feba","11","Guardsman.007 (7) | Guardsman.007 (4) | Guardsman.007 (1) | Guardsman.007 | Guardsman.007 (8) | Guardsman.007 (6) | Guardsman.007 (2) | Guardsman.007 (3) | Guardsman.007 (5) | GuardsmanBody | GuardsmanBody (1)","SOURCE_PATH_UNRESOLVED","","","","","false"
"f4c57607ec171fd439bf7b2f929e5882","10","TallLightDeco | TallLightDeco (2) | TallLightDeco (8) | TallLightDeco (5) | TallLightDeco (3) | TallLightDeco (7) | TallLightDeco (1) | TallLightDeco (4) | TallLightDeco (6)","SOURCE_PATH_UNRESOLVED","","","","","false"
"f69563fddb8015f479bc5ab6061e4cd9","154","ScaffEmpty | ScaffEmpty (3) | ScaffEmpty (1) | ScaffEmpty (6) | ScaffEmpty (2) | ScaffEmpty (4) | ScaffEmpty (5)","SOURCE_PATH_UNRESOLVED","","","","","false"
"f6ae9e8462d6b9c42820405361824ae9","12","PotatoSack (9) | PotatoSack (3) | PotatoSack (6) | PotatoSack (7) | PotatoSack (11) | PotatoSack (4) | PotatoSack | PotatoSack (8) | PotatoSack (5) | PotatoSack (1) | PotatoSack (2) | PotatoSack (10)","SOURCE_PATH_UNRESOLVED","","","","","false"
"f749ef3b1857f1e468a44aad5e1d8405","1","MicrowaveGalOxydeDeco","SOURCE_PATH_UNRESOLVED","","","","","false"
"f765ccc98c4a72f468cfde0df0841b95","33","Grave4 (4) | Grave4 (1) | Grave4 (6) | Grave4 (10) | Grave4 (14) | Grave4 (3) | Grave4 (8) | Grave4 (2) | Grave4 (9) | Grave4 | Grave4 (12) | Grave4 (5) | Grave4 (11) | Grave4 (7) | Grave4 (13)","SOURCE_PATH_UNRESOLVED","","","","","false"
"f88ce96f9bd8fac4b8427af38f253bc6","10","OxydeRock.004 (4) | OxydeRock.004 | OxydeRock.004 (1) | OxydeRock.004 (25) | OxydeRock.004 (12) | OxydeRock.004 (3) | OxydeRock.004 (5) | OxydeRock.004 (11) | OxydeRock.004 (2)","SOURCE_PATH_UNRESOLVED","","","","","false"
"fbd162204f66503409cf009e207922e5","15","TallCrate (3) | TallCrate | TallCrate (1) | TallCrate (2)","SOURCE_PATH_UNRESOLVED","","","","","false"
"ff2131ac420b794418990026ec038ccc","1","DineCrewPhoto","SOURCE_PATH_UNRESOLVED","","","","","false"
